ID;Titulo;Autore;Editorial;Año;Pais;Genero_1;Genero_2;Leido;Subrayado;Prestado a
1;La silla del águila;Fuentes, C.;Santillana;2004;España;null;null;No;No;null
2;Psicología de la vida cotidiana;"Pichon-Riviere, E. ; Pampliega, A.";Nueva Visión;1985;Argentina;null;null;No;No;null
3;El cumpleaños de Juan Ángel;Benedetti, M.;Biblioteca de Marcha;1971;Uruguay;null;null;No;No;null
4;Los senderos de Foucault;Abraham, T.;Nueva Visión;1989;Argentina;null;null;No;No;null
5;El medio es el masaje;"McLuhan, M. ; Fiore, Q.";Paidós;1969;Argentina;null;null;No;No;null
6;Los laberintos de la crisis. América Latina: poder transnacional y comunicaciones;Argumedo, A.;Folios Ediciones;1984;Argentina;null;null;No;No;null
7;Isidro Velázquez. Formas pre revolucionarias de la violencia;Carri, R.;Sudestada;1968;Argentina;null;null;Si;Si;null
8;La noche de los bastones largos. 30 años después;Morero, S.;Página 12;1996;Argentina;null;null;No;No;null
9;Los paraísos artificiales. EL vino y el hachís. La Fanfarlo;Baudelaire, C.;M. E. Editores;1994;España;null;null;No;No;null
10;Palabra de autor: Cartas de Julio Cortázar;Cortázar, J.;Alfaguara;2004;Argentina;null;null;No;No;null
11;Iluminaciones;Rimbaud, A.;NEED;1999;Argentina;null;null;No;No;null
12;El vecindario urbano: una perspectiva sociológica;Keller, S.;Siglo XXI;1975;España;null;null;No;No;null
13;Obras inmortales (Así habla zaratrusta, El anticristo, Cómo se filosofa a martillazos, Más allá del bien y del mal, Humano demasiado humano, La voluntad del poderío);Nietzsche, F.;EDAF;1968;España;null;null;No;No;null
14;Elogio de la desobediencia;"Brauman, R. ; Sivan, E.";Fondo de Cultura Económica;2000;Argentina;null;null;No;No;null
15;Los 70 a destajo: ajoblanco y libertad;Ribas, J.;Emecé;2007;Argentina;null;null;No;No;null
16;Mirar con nuevos ojos: Nuevos paradigmas en la ciencia y pensamiento complejo;Najmanovich, D.;Biblos;2008;Argentina;null;null;No;No;null
17;Crónicas del Ángel Gris;Dolina, A.;Colihue;2008;Argentina;null;null;No;No;null
18;Los pibes chorros: estigma y marginación;Míguez, D.;Capital Intelectual;2004;Argentina;null;null;No;No;null
19;La comunicación municipal cómplice con los ciudadanos;Puig, T.;Paidós;2003;Argentina;null;null;No;No;null
20;Amor y Anarquía;Caparrós, M.;Planeta;2010;Argentina;null;null;Si;No;null
21;Harpías y Nereidas: pasiones y muertes en los setenta;Bufano, S.;Losada;2007;Argentina;null;null;No;No;null
22;El autorretrato en el documental;Schefer, R.;Catálogos;2008;Argentina;null;null;No;No;null
23;Biografía de mi cáncer;Kolesnicov, P.;Sudamericana;2002;Argentina;null;null;No;No;null
24;El mundo en la nueva era imperial;Ramonet, I.;Le Monde Diplomatique ;2002;Argentina;null;null;No;No;null
25;Crímenes Imperceptibles;Martínez, G.;Planeta;2008;Argentina;null;null;No;No;null
26;Bibliocastía;"Solari, T.; Gómez, J.";Eudeba;2008;Argentina;null;null;No;No;null
27;Razón y Violencia: Una década de pensamiento sartreano;"Laing, R.; Cooper, D.";Paidós;1973;Argentina;null;null;No;No;null
28;Se acabó la diversión;Puig, T.;Paidós;2007;Argentina;null;null;No;No;null
29;Homo Faber;Benavente, D.;OIT, PREALC;1988;Chile;null;null;No;No;null
30;Desempleo y bienestar psicológico;Estramiana, J.;Siglo XXI;1992;España;null;null;No;No;null
31;Organismos, estructuras, máquinas: Para una teoría del organismo;Wieser, W.;Eudeba;1962;Argentina;null;null;No;No;null
32;Saber popular y educación en América Latina;Hernández, I. et al;Búsqueda S.A.E.I.C.;1985;Argentina;null;null;No;No;null
33;Territorio, conocimiento y competitividad de las empresas;"Boscherini, F. ; Poma, L.";Miño y Dávila;2000;España;null;null;No;No;null
34;En la frontera: Trabajos de Psicoanálisis y Socioanálisis;Rodríguez, J.;Multiplicidades;1995;Argentina;null;null;No;No;null
35;Y tú también te vas: Argentina y el dinero;Ávila, P.;Adriana Hidalgo;2007;Argentina;null;null;No;No;null
36;Red de redes: Las prácticas de la intervención en redes sociales;Dabas, E.;Paidós;1998;Argentina;null;null;No;No;null
37;Cuando el verbo se hace carne: Lenguaje y naturaleza humana;Virno, P.;Tinta Limón;2004;Argentina;null;null;No;No;null
38;Historia de las madres de Plaza de Mayo;Asociación de Madres de Plaza de Mayo;Página 12;1996;Argentina;null;null;No;No;null
39;Ventana Sur: Connecting with the Latin American Film Industry;INCAA;INCAA;2008;Argentina;null;null;No;No;null
40;La comunicación global: Comunicación institucional y de gestión;Weil, P.;Paidós;1992;Argentina;null;null;No;No;null
41;Monte madre: Heróica historia de compromiso y dignidad;Miceli, J.;Miceli, J.;2006;Argentina;null;null;No;No;null
42;El juego de los vínculos. Subjetividad y Redes: Figuras en mutación;Najmanovich, D.;Biblos;2005;Argentina;null;null;No;No;null
43;Los libros son tuyos. Políticos, académicos y militares: La dictadura en Eudeba;Invernizzi, H.;Eudeba;2005;Argentina;null;null;No;No;null
44;Mitología Griega;Railos, S.;CRM;2005;España;null;null;No;No;null
45;El cuenco de las ciudades mestizas: una historia del gran buenos aires;El Culebrón Timbal;Productora Escuela Cultural Comunitaria;-;Argentina;null;null;No;No;null
46;Ramonet: el mundo en la nueva era imperial. Converaciones con Jorge Halperín;Halperín, J.;Le Monde Diplomatique ;2002;Argentina;null;null;No;No;null
47;Dulce pájaro de la juventud. Escaleras al techo. El cuaderno de Trigorin;Williams, T.;Losada;2004;Argentina;null;null;No;No;null
48;Breve tratado para atacar la realidad;López, S.;Tinta Limón;2009;Argentina;null;null;No;No;null
49;Juicio final;Katzenbach, J.;Ediciones B;2006;España;null;null;No;No;null
50;Generación de empleo: la microempresa como alternativa;"Rofman, A. ; Moreno, G.";CEUR;1988;Argentina;null;null;No;No;null
51;Situaciones postales;Abraham, T.;Anagrama;2002;España;null;null;No;No;null
52;El dolor de ya no ser: de los abuelos a nosotros;Santore, M.;Gráfica Buenos Aires;2002;Argentina;null;null;No;No;null
53;Neocapitalismo y comunicación de masa;Muraro, H.;Eudeba;1974;Argentina;null;null;No;No;null
54;Raro;Prado, B.;Plaza y Janes;1995;España;null;null;No;No;null
55;El mundo del trabajo urbano (1890-1914);Falcón, R.;Centro Editor de América Latina;1986;Argentina;null;null;No;No;null
56;La vida sexual de Catherine M.;Millet, C.;Quinteto;2005;España;null;null;No;No;null
57;Las venas abiertas de América Latina;Galeano, E.;Siglo XXI;1974;Argentina;null;null;Si;No;null
58;Películas que escuchan: Reconstrucción de la identidad en once films chilenos y argentinos;Donoso, C.;Corregidor;2007;Argentina;null;null;No;No;null
59;Movimientos del pensar. Diarios.;Wittgenstein, L.;Elsa Somavilla;2000;España;null;null;No;No;null
60;Tratado político: introducción y notas de Ernesto Funes;de Espinoza, B.;Quadrata;2005;Argentina;null;null;No;No;null
61;Juvenilia;Cané, M.;Colihue;2000;Argentina;null;null;No;No;null
62;La otra juvenilia;"Garaño, S. ; Pertot, W.";Biblos;2002;Argentina;null;null;Si;No;null
63;Que sigan los éxitos;Paz y Rudy, D.;Página 12;1996;Argentina;null;null;No;No;null
64;Lo imaginario;Sartre, J.;Losada;1982;Argentina;null;null;No;No;null
65;Buenos Aires negra. Identidad y cultura;Maronese, L.;gobBsAs;2006;Argentina;null;null;No;No;null
66;Etimología de las pasiones;Bordelois, I.;Zorzal;2006;Argentina;null;null;No;No;null
67;Expedientes secretos;Paz y Rudy, D.;Página 12;1997;Argentina;null;null;No;No;null
68;Los fundadores: crónicas y poemas de la colonia;-;Centro Editor de América Latina;1967;Argentina;null;null;No;No;null
69;Quemando cromo;Gibson, W.;Minotauro;1994;España;null;null;No;No;null
70;Análisis organizacional y empresa unipersonal: Crisis y conflicto en contextos turbulentos;Schlemenson, A.;Paidós;1993;Argentina;null;null;No;No;null
71;Cine y dictadura: la censura al desnudo;"Gociol, J. ; Invernizzi, H.";Capital Intelectual;2006;Argentina;null;null;No;No;null
72;La generación Nasdaq: Apogeo (¿y derrumbe?) de la economía digital;Piscitelli, A.;Granica;2001;Argentina;null;null;No;No;null
73;Testimonio de la realidad de la ilusión;Brabazon, F.;Francis Brabazon;2006;Argentina;null;null;No;No;null
74;Entre usted y yo: Técnicas para su marketing personal;Mejías, C.;Planeta;1998;Argentina;null;null;No;No;null
75;Comunicaciones públicas: el modelo de la comunicación integrada;"Amado, A. ; Castro, C.";Temas Grupo Editorial;1998;Argentina;null;null;No;No;null
76;Plan nacional de formación e inserción profesional;Ministerio de Trabajo y Seguridad Social (Esp);Ministerio de Trabajo y Seguridad Social (Esp);1991;España;null;null;No;No;null
77;Búsqueda de trabajo: Solución a un problema;Porot, D.;Cv Newsletter/Atlántida;1989;Argentina;null;null;No;No;null
78;Cine: un lugar para el amor;Farina, A.;Marcelo H. Oliveri Editor;2010;Argentina;null;null;No;No;null
79;Durango Perdido: Diario de rodaje de Perdita Durango;Bardem, C.;Ediciones B;1997;España;null;null;No;No;null
80;Educación y capacitación de los trabajadores;UTN, F. Friedrich Ebert, OIT;UTN, F. Friedrich Ebert, OIT;-;Argentina;null;null;No;No;null
81;Comunicación de masas;Wright, C.;Paidós;1980;Argentina;null;null;No;No;null
82;Contribución de la televisión argentina al subdesarrollo;de Zavaleta, E.;Editorial Cuarto Mundo;1975;Argentina;null;null;No;No;null
83;Cuentos para después del diván;Hazaki, C.;Editorial Topia;2006;Argentina;null;null;No;No;null
84;Epitafios: El derecho a la muerte escrita;Gusmán, L.;Grupo Editorial Norma;2005;Argentina;null;null;No;No;null
85;Las cinco preguntas más importantes que usted debe formularse sobre su organización sin fines de lucro;Rossum, C.;Granica;1995;Argentina;null;null;No;No;null
86;199 preguntas sobre marketing y publicidad;"Bonta, P. ; Farber, M.";Grupo Editorial Norma;1994;Argentina;null;null;No;No;null
87;Pobreza, un tema impostergable: nuevas respuestas a nivel mundial;Kliksberg, B.;Fondo de Cultura Económica;1993;México;null;null;No;No;null
88;Del fragmento a la situación: Notas sobre la subjetividad contemporánea;Grupo Doce;Grupo Doce;2001;Argentina;null;null;No;No;null
89;Hacia una gestión pariticpativa y eficaz;"Burin, D. ; Karl, I. ; Levin, L.";Ediciones Ciccus;1995;Argentina;null;null;No;No;null
90;"Propuestas, debates y ponencias: ""El empleo: una cuestión de Estado""";1er Congreso Nacional de Empleo y Capacitación Laboral;MTSS;1999;Argentina;null;null;No;No;null
91;La era de la desolación: ética y moral en la Argentina de fin de siglo;Scavino, D.;Ediciones Manantial;1996;Argentina;null;null;No;No;null
92;Los sueños nucleares de Reagan;Dorfman, A.;Legasa;1986;Argentina;null;null;No;No;null
93;Seminario Gestao Democrática das Cidades: Metodologías de participación, redes y movimientos sociales;PPGA/FLACSO;PPGA/FLACSO;2002;Brasil;null;null;No;No;null
94;Acontecimiento: Revista para pensar la política. Número 26;Badiou, A.;Grupo Acontecimiento;2003;Argentina;null;null;No;No;null
95;Identidad cultural y cambio tecnológico en América Latina;Azcuy, E.;Centro de Estudios Latinoamericanos;1985;Argentina;null;null;No;No;null
96;Comunicación social y desarrollo nacional América Latina;Getino, O.;Centro de estudios para la comunicación popular;1983;México;null;null;No;No;null
97;Turismo, comunicación social y desarrollo;Getino, O.;Edimedios;1983;México;null;null;No;No;null
98;Inem Barcelona, Memoria 1988;MTSS;MTSS;1988;España;null;null;No;No;null
99;Vigilar y castigar: nacimiento de la prisión;Foucault, M.;Siglo XXI;1987;México;null;null;No;No;null
100;El grupo y sus configuraciones: terapia psicoanalítica;"Puget, J. ; Bernard, M. ; Games, G. ; Romano, E.";Lugar Editorial;1982;Argentina;null;null;No;No;null
101;Antropología del cuerpo y modernidad;Le Breton, D.;Nueva Visión;2006;Argentina;null;null;No;No;null
102;Todos eran mi hijos. Después de la caída.;Miller, A.;Losada;2004;Argentina;null;null;No;No;null
103;Conversaciones con Enrique Pichon-Riviere: Sobre el arte y la locura;Zito Lema, V.;Ediciones Cinco;1986;Argentina;null;null;No;No;null
104;Algo va a pasar;Esber, H.;De la campana;2002;Argentina;null;null;No;No;null
105;Hijo de Dios;McCarthy, C.;Editorial Debate;2001;España;null;null;No;No;null
106;Iniciativa empresarial y desarrollo económico local: recomendaciones para la aplicación de programas y políticas;OCDE;OCDE;2003;España;null;null;No;No;null
107;El traductor;Benesdra, S.;Ediciones La Flor;2003;España;null;null;No;No;null
108;Libro blanco sobre el empleo en Argentina;MTSS;MTSS;1995;Argentina;null;null;No;No;null
109;Políticas de la memoria: tensiones en la palabra y la imagen;"Lorenzano, S. ; Buchenhorst, R.";Editorial Gorla;2007;Argentina;null;null;No;No;null
110;Las políticas de migraciones internacionales;Mármora, L.;Paidós;2004;Argentina;null;null;No;No;null
111;Desocupación: Individuo, familia, sociedad;FUNDAIH;FUNDAIH;1996;Argentina;null;null;No;No;null
112;Antología Poética;Ferlinghetti, L.;Ediciones del Mediodía;1969;Argentina;null;null;No;No;null
113;Atardeceres;Jitrik, N.;Ediciones al Margen;2006;Argentina;null;null;No;No;null
114;Para un análisis ideológico del periodismo;Claro, M.;Editorial Precursora;1983;Argentina;null;null;No;No;null
115;Periodismo y cultura;Varios;Tercer Mundo Editores;1991;Colombia;null;null;No;No;null
116;Televisión: la realidad como espectáculo;Colombo, F.;Editorial Gustavo Gili;1976;España;null;null;No;No;null
117;La comunicación masiva en el proceso de liberación;Matterlart, A.;Siglo XXI;1974;Argentina;null;null;No;No;null
118;Problemas de comunicación y desarrollo;Aprea, G.;Prometeo Libros;2004;Argentina;null;null;No;No;null
119;Formación y empleo: estrategias posibles;"del Río, E. ; Jover, D. ; Riesco, L.";Paidós;1991;España;null;null;No;No;null
120;Teorías de la comunicación masiva;De Fleur, M.;Paidós;1980;Argentina;null;null;No;No;null
121;Traiciones: la figura del traidor en los relatos acerca de los sobrevivientes de la represión;Longoni, A.;Grupo Editorial Norma;2007;Argentina;null;null;No;No;null
122;Una Argentina posible: Problemas políticos y recursos económicos;"Calcagno, E. ; Calcagno, A.";Le Monde Diplomatique ;2004;Argentina;null;null;No;No;null
123;El Estado y sus otros;Calveiro, P.;Libros de la Araucaria;2006;Argentina;null;null;No;No;null
124;La cultura de la satisfacción;Kenneth, J.;Emecé;1992;Argentina;null;null;No;No;null
125;La vida en la pantalla: La construcción de la identidad en la er de internet;Turkle, S.;Paidós;1997;España;null;null;No;No;null
126;Esbozo de una antropología filosófica americana;Kusch, R.;Castañeda;1978;Argentina;null;null;No;No;null
127;Lo que todo pequeño empresario debe saber;"Meredith, G. ; Nelson, R. ; Neck, P.";OIT;1988;Suiza;null;null;No;No;null
128;La micro empresa en el desarrollo local y regional: una contribución para el ciudadano;Schujman, L.;U.N.R. Editora;1992;Argentina;null;null;No;No;null
129;Acción municipal y microempresa;"González, M. ; Hidalgo, L.";PET;1995;Chile;null;null;No;No;null
130;Antología de ensayos en vivo. Volúmen 1.;Ensayos en Libro;Ensayos en Libro;2009;Argentina;null;null;No;No;null
131;Sólo las cosas;Valle, A.;Ensayos en Libro;2008;Argentina;null;null;No;No;null
132;Las bodas universales;Huasi, J.;-;1962;-;null;null;No;No;null
133;Cuando ya no importe;Onetti, J.;Punto de Lectura;2008;Argentina;null;null;No;No;null
134;Pobreza, el drama cotidiano. Clave para una nueva gerencia social eficiente.;Kliksberg, B.;Grupo Editorial Norma;1995;Argentina;null;null;No;No;null
135;El mundo como supermercado;Houllebecq, M.;Anagrama;2000;España;null;null;No;No;null
136;Corrupción, crimen y violencia;"Schargrodsky, E. ; Cornblit, O. ; Canavese, A.";La Crujía Ediciones;2004;Argentina;null;null;No;No;null
137;Nuevas tecnologías y desempleo;Sylos, P.;Fondo de Cultura Económica;1993;México;null;null;No;No;null
138;Sin trabajo: las características del desempleo y sus efectos en la sociedad argentina;"Beccaria, L. ; López, N.";Losada;1996;Argentina;null;null;No;No;null
139;Los efectos de las comunicaciones de masas;"Eco, U. ; Friedmann, G. ; Halloran, J.";Editorial Jorge Álvarez;1969;Argentina;null;null;No;No;null
140;Periodismo escolar;Fischer, R.;Editorial Biblioteca;1975;Argentina;null;null;No;No;null
141;Medio ambiente y urbanización: Microempresas, crédito y medio ambiente.;IIED-AL;IIED-AL;1995;Argentina;null;null;No;No;null
142;Las verdades que mienten: una análisis de la ideología represiva de los textos para niños;"Bonazzi, M. ; Eco, U.";Editorial Tiempo Contemporáneo;1974;Argentina;null;null;No;No;null
143;La opinión pública y la propaganda;Young, K.;Paidós;1980;Argentina;null;null;No;No;null
144;Fin del trabajo: nuevas tecnologías contra puestos de trabajo: el nacimiento de una nueva era;Rifkin, J.;Paidós;1996;España;null;null;No;No;null
145;La empresa transparente;Borrini, A.;Atlántida;1997;España;null;null;No;No;null
146;Un modelo de desarrollo regional: provincia de Buenos Aires;Hernández, R.;Ediciones Macchi;1996;Argentina;null;null;No;No;null
147;Sociología de los medios masivos de comunicación;McQuail, D.;Paidós;1979;Argentina;null;null;No;No;null
148;Revista de Economía: 59.;Fundación Friedrich Ebert, Fundación Banco de la Provincia de Córdoba;Banco de la provincia de Córdoba;1990;Argentina;null;null;No;No;null
149;El banco mundial: intervención y disciplinamiento. El caso argentino, enseñanzas para América Latina.;Corbalán, M.;Biblos;2002;Argentina;null;null;No;No;null
150;El cambio de poder.;Toffler, A.;Plaza y Janes;1994;España;null;null;No;No;null
151;¿Qué son las condiciones y medio ambiente de trabajo?: Propuesta de una nueva perspectiva;Neffa, J.;Hvmanitas;1987;Argentina;null;null;No;No;null
152;Revolución tecnológica y empleo;Tangelson, O.;Ministerio de la Producción: Instituto provincial del empleo;1993;Argentina;null;null;No;No;null
153;Psicoterapia psicodramática;Bustos, D.;Paidós;1975;Argentina;null;null;No;No;null
154;Combates por la memoria: Huellas de la dictadura en la historia;Lorenz, F.;Capital Intelectual;2007;Argentina;null;null;No;No;null
155;Trabajo y familia en el ciclo de vida femenino: el caso de los sectores populares de Buenos Aires;"Jelin, E. ; Feijoó, M.";Estudios CEDES;1980;Argentina;null;null;No;No;null
156;Cartas del noviazgo;Kierkegaard, S.;Siglo Veinte;1979;Argentina;null;null;No;No;null
157;Interrupciones II;Gelman, J.;Libros de Tierra Firme;1986;Argentina;null;null;No;No;null
158;Las incubadoras de Microempresas como estrategia de desarrollo local;"Pérez, J. ; Celada, F. ; Sardi, R.";Ministerio de la Producción y el Empleo;1997;Argentina;null;null;No;No;null
159;La escena institucional;"Kononovich, B. ; Saidón, O.";Lugar Editorial;1991;Argentina;null;null;No;No;null
160;El sector microempresarial;Ministerio de la Producción: Instituto provincial del empleo;Ministerio de la Producción: Instituto provincial del empleo;1989;Argentina;null;null;No;No;null
161;Medio ambiente y urbanización: Crisis y participación;IIED-AL;IIED-AL;2004;Argentina;null;null;No;No;null
162;La doble moral de la organizaciones: Los sistemas perversos y la corrupción institucionalizada;Etkin, J.;McGraw-Hill;1993;Argentina;null;null;No;No;null
163;Saussure y los fundamentos de la lingüística;Sazbón, J.;Centro Editor de América Latina;1981;Argentina;null;null;No;No;null
164;Reader's nuestro que estás en la tierra: ensayos sobre el imperialismo cultural;Dorfman, A.;Editorial Nueva Imagen;1980;México;null;null;No;No;null
165;Periodismo de investigación;Secanella, P.;Tecnos;1986;España;null;null;No;No;null
166;La semiología;Guiraud, P.;Siglo XXI;1973;Argentina;null;null;No;No;null
167;Pequeña empresa: Los primeros pasos. Manual del emprendedor.;CGI;CGI;1991;Argentina;null;null;No;No;null
168;Posicionamiento: el concepto que ha revolucionado la comunicación publicitaria y el marketing;Al Ries, J.;McGraw-Hill;1992;España;null;null;No;No;null
169;Comunicación: estrategias , técnicas y tácticas en el mercado;Bonnin, J.;Macchi;1993;Argentina;null;null;No;No;null
170;Instituto de la investigación de la comunicación social v3: Proyecto de comunicación para la prevención de la desnutrición;UNLP;UNLP;1986;Argentina;null;null;No;No;null
171;Instituto de la investigación de la comunicación social v4: Diagnósticos y estrategias de comunicación.;UNLP;UNLP;1984;Argentina;null;null;No;No;null
172;Instituto de la investigación de la comunicación social v5: Comunicación y sociedad, aproximaciones teóricas.;UNLP;UNLP;1987;Argentina;null;null;No;No;null
173;Instituto de la investigación de la comunicación social v1: Estudios sobre la televisión, programación y efectos.;UNLP;UNLP;1987;Argentina;null;null;No;No;null
174;La enfermedad y sus metáforas. EL sida y sus metáforas.;Sontag, S.;Taurus;2005;Argentina;null;null;No;No;null
175;El lenguaje y los problemas del conocimiento;"Jakobson, R. ; Barthes, R. ; Moles, A.";Editorial Rodolfo Alonso;1962;Argentina;null;null;No;No;null
176;Alma encadenada (Soul on ice);Cleaver, E.;Siglo XXI;1969;Argentina;null;null;No;No;null
177;Rumores: El medio de difusión más antiguo del mundo;Kapferer, J.;Emecé;1989;Argentina;null;null;No;No;null
178;Perón y los medios de comunicación;Sirvén, P.;Centro Editor de América Latina;1984;Argentina;null;null;No;No;null
179;Religiosidad popular en la Argentina;"Chapp, M. ; Iglesias, M. ; Pascual, M. ; Roldán, V. ; Santamaría, D.";Centro Editor de América Latina;1991;Argentina;null;null;No;No;null
180;Tres teorías sobre la prensa: en el mundo capitalista;"Siebert, F. ; Peterson, T.";Ediciones la Flor;1967;Argentina;null;null;No;No;null
181;Cultura, comunicación y desarrollo en América Latina;Getino, O.;Edimedios;1984;México;null;null;No;No;null
182;La microempresa en debate;Encuentro Nacional de la Microempresa;Encuentro Nacional de la Microempresa;1992;Argentina;null;null;No;No;null
183;La novena revelación;Redfield, J.;Atlántida;1994;Argentina;null;null;No;No;null
184;Medios de comunicación y cultural popular;"Ford, A. ; Rivera, J. ; Romano, E.";Legasa;1985;Argentina;null;null;No;No;null
185;La microempresa en una estrategia de crecimiento;"Lindemboin, J. ; Rofman, A. ; Moreno, G.";CEUR;1989;Argentina;null;null;No;No;null
186;Psicoterapia del oprimido;Moffat, A.;Editorial Liberaría Ecro;1974;Argentina;null;null;No;No;null
187;Plan estratégico de desarrollo de Junín;Provincia de Junín;Provincia de Junín;2002;Argentina;null;null;No;No;null
188;Programa modular de formación para el sector minero;Intemin;Intemin;1995;Argentina;null;null;No;No;null
189;Cómo analizar la gestión social municipal;Secretaría de desarrollo social de la nación;Secretaría de desarrollo social de la nación;1999;Argentina;null;null;No;No;null
190;Evaluación del aporte económico de la mujer al desarrollo;"Dixon-Muelle, R. ; Anker, R.";OIT;1989;Chile;null;null;No;No;null
191;Promoción de cooperativas y pequeñas unidades productivas dentro del sector de la economía social;OIT;ALCECOOP;1991;Argentina;null;null;No;No;null
192;Nuestro cine: Pasolini. Nro 46;Nuestro cine;Nuestro cine;1965;España;null;null;No;No;null
193;Migración y frontera: cinco estudios de casos sobre las fronteras de Argentina, Brasil y Paraguay;OIM;OIM;2003;Argentina;null;null;No;No;null
194;La práctica de co-operar: Manual para cooperativas de trabajo;PRONATASS;Ministerio de economía y obras y servicios públicos;1994;Argentina;null;null;No;No;null
195;Trabajadores vulnerables y sector informal de lo económico y normativo;"Mezzera, J. ; Vega-Ruiz, M.";OIT;1995;Chile;null;null;No;No;null
196;Programas de empleo transitorio: la experiencia de los barrios bonaerenses. Aspectos conceptuales, metodológicos y operativos.;PNUD;Ministerio de Economía PBA;1999;Argentina;null;null;No;No;null
197;Lecturas sobre la exclusión social;"Barrios, P. ; de los Ríos, D. ; Torche, F.";OIT;1996;Chile;null;null;No;No;null
198;Comunicación y organización: la organización comunicante y la comunicación organizada;Bartoli, A.;Paidós;1992;España;null;null;No;No;null
199;Observaciones sobre la filosofía de la psicología. Volumen I;Wittgenstein, L.;UNAM;1997;México;null;null;No;No;null
200;Observaciones sobre la filosofía de la psicología. Volumen II;Wittgenstein, L.;UNAM;1997;México;null;null;No;No;null
201;Cooperativas para los incapacitado: su organización y desarrollo;OIT;OIT;1983;Argentina;null;null;No;No;null
202;EL gorila invisible y otras maneras en las que nuestra intuición nos engaña;"Chabris, C. ; Simons, D.";Siglo XXI;2011;Argentina;null;null;No;No;null
203;¿Por qué no lo dijo antes? Cómo hacerse entender;Heyman, R.;Granica;1999;España;null;null;No;No;null
204;La comunicación global: Cómo consturir la imagen de una empresa;Regouby, C.;Gestió 2000;1989;España;null;null;No;No;null
205;La innovación y el empresariado innovador: La práctica y los principios;Drucker, P.;Edhasa;1991;España;null;null;No;No;null
206;Las transformaciones económicas y sociales en el nuevo orden mundial: situación y perspectivas en la provincia de Buenos Aires;PBA;PBA;1994;Argentina;null;null;No;No;null
207;Crisis, ruptura y superación: Análisis transicional en psicoanálisis individual y grupal;Varios;Ediciones Cinco;1979;Argentina;null;null;No;No;null
208;Doce temas de formación;Agudelo, S.;CINTEFOR/OIT;1993;Uruguay;null;null;No;No;null
209;La microempresa: producción y empleo para el desarrollo;OIT;OIT;1991;Uruguay;null;null;No;No;null
210;Jornada sociolaboral: la orientación profesional y ocupacional;Ministerio de trabajo y seguridad social (Col);Ministerio de trabajo y seguridad social (Col);1991;Colombia;null;null;No;No;null
211;Cómo realizar un proyecto de capacitación: un efoque de la ingeniería de la capacitación;Pain, A.;Granica;1990;Argentina;null;null;No;No;null
212;No matar: sobre la responsabilidad;La intemperie;La intemperie;2007;Argentina;null;null;No;No;null
213;Universidad transhumante: territorios, redes y lenguajes;Colectivo Situaciones;Tinta Limón;2004;Argentina;null;null;No;No;null
214;Nuevas tecnologías enla ciudad: información y comunicación en la cotidianeidad;"Finquelievich, S. ; Vidal, A. ; Karol, J.";Centro Editor de América Latina;1992;Argentina;null;null;No;No;null
215;Obras escogidas de Mao Tsetung. Tomo I;Tsetung, M.;Editorial del Pueblo;1971;China;null;null;No;No;null
216;Obras escogidas de Mao Tsetung. Tomo II;Tsetung, M.;Editorial del Pueblo;1971;China;null;null;No;No;null
217;Obras escogidas de Mao Tsetung. Tomo III;Tsetung, M.;Editorial del Pueblo;1971;China;null;null;No;No;null
218;Obras escogidas de Mao Tsetung. Tomo IV;Tsetung, M.;Editorial del Pueblo;1971;China;null;null;No;No;null
219;El hombre telespectador;Cazeneuve, J.;Gustavo Gili;1977;España;null;null;No;No;null
220;La experiencia del foro intermunicipal de promoción del empleo;"Conato, D. ; Navarro, H. ; Lorente, P.";FORO;1996;Argentina;null;null;No;No;null
221;Organización y estructura: para la pequeña y mediana empresa;Fresco, J.;Macchi;1993;Colombia;null;null;No;No;null
222;Cómo preparar monografías e informes;Standop, E.;Kapelusz;1976;Argentina;null;null;No;No;null
223;La comunicación para el cambio en las organizaciones;Morera, I.;Caeci;1993;Argentina;null;null;No;No;null
224;El pensamiento lateral: manual de creatividad;de Bono, E.;Paidós;1992;Argentina;null;null;No;No;null
225;El trabajo del actor sobre su papel;Stanislavski, C.;Quetzal;1977;Argentina;null;null;No;No;null
226;El trabajo del actor sobre sí mismo: en el proceso creador de las vivencias;Stanislavski, C.;Quetzal;1977;Argentina;null;null;No;No;null
227;El trabajo del actor sobre sí mismo: en el proceso creador de la encarnación;Stanislavski, C.;Quetzal;1979;Argentina;null;null;No;No;null
228;Diccionario de los medios de comunicación: técnica, semiología, lingüística;"Fages, J. ; Pagano, C.";Fernando Torres Editor;1978;España;null;null;No;No;null
229;Lenguaje, significado y contexto;Lyons, J.;Paidós;1981;España;null;null;No;No;null
230;La entrevista periodística: intimidades de la conversación pública;Halperín, J.;Paidós;1995;Argentina;null;null;No;No;null
231;Identidad de las organizaciones: invariancia y cambio;"Etkin, J. ; Schvarstein, L.";Paidós;1994;Argentina;null;null;No;No;null
232;Psicoanálisis y empresa: cómo utilizar psiconanálisis para comprender la empresa;Bruneau, J.;Granica;1991;España;null;null;No;No;null
233;Antología Poética;Corso, G.;Ediciones del Mediodía;1969;Argentina;null;null;No;No;null
234;El trabajo: una nueva civilización y cultura del trabajo;Máspero, E.;Hvmanitas;1984;Argentina;null;null;No;No;null
235;El empleo en el sector informal: su integración a las estructuras económicas;Charmes, J.;Hvmanitas;1992;Argentina;null;null;No;No;null
236;La élite del poder;Wright, C.;Fondo de Cultura Económica;1969;México;null;null;No;No;null
237;La evolución de las ideas argentinas. Tomo I;Ingenieros, J.;Editorial Problemas;1946;Argentina;null;null;No;No;null
238;La evolución de las ideas argentinas. Tomo II;Ingenieros, J.;Editorial Problemas;1946;Argentina;null;null;No;No;null
239;La evolución de las ideas argentinas. Tomo IV;Ingenieros, J.;Editorial Problemas;1946;Argentina;null;null;No;No;null
240;Peronismo y menemismo: avatares del populismo en la Argentina;"Borón, A. ; Mora, M. ; Nun, J. ; Portantiero, J. ; Sidicaro, R.";El cielo por asalto;1995;Argentina;null;null;No;No;null
241;La tercera vía: la renovación de la socialdemocracia;Giddens, A.;Taurus;1999;España;null;null;No;No;null
242;Juan B. Justo: El patriarca socialista;Portantiero, J.;Capital Intelectual;2006;Argentina;null;null;No;No;null
243;El diálogo de la época: Católicos y marxistas;Varios;Editorial Platina;1965;Argentina;null;null;No;No;null
244;Masas y élites en iberoamérica;Palacios, A.;Columba;1956;Argentina;null;null;No;No;null
245;Con Perón hacia el socialismo nacional;Orellano, J.;Trasvasamiento;1973;Argentina;null;null;No;No;null
246;Lenin;Stalin, J.;Ediciones en lenguas extranjeras;1946;URSS;null;null;No;No;null
247;La simulación en la lucha por la vida;Ingenieros, J.;Roggero-Ronal Editores;1952;Argentina;null;null;No;No;null
248;URSS '76: Anuario de la agencia de prensa Nóvosti;Editorial de la Agencia de prensa Nóvosti;Editorial de la Agencia de prensa Nóvosti;1976;URSS;null;null;No;No;null
249;Gabriela, clavo y canela;Amado, J.;Casa de las Américas;1975;Cuba;null;null;No;No;null
250;El programa de transición para la revolución socialista;Trotsky, L.;Ediciones Crux;-;Bolivia;null;null;No;No;null
251;En defensa del marxismo;Trotsky, L.;Fontamara;1977;España;null;null;No;No;null
252;La cultura filosófica en España;Ingenieros, J.;Meridion;1955;Argentina;null;null;No;No;null
253;La revolución sandinista;Marín, J.;Anteo;1984;Argentina;null;null;No;No;null
254;Las tácticas del frente único;Trotsky, L.;Ediciones CEPE;1973;Argentina;null;null;Si;Si;null
255;Acerca de la democracia socialista;Lenin, V.;Editorial de la Agencia de prensa Nóvosti;1969;URSS;null;null;No;No;null
256;La mayor;Saer, J.;Centro Editor de América Latina;1982;Argentina;null;null;Si;No;null
257;Bases y puntos de partida para la organización de la República Argentina;Alberdi, J.;Centro Editor de América Latina;1979;Argentina;null;null;Si;Si;null
258;Sobre la deuda imapagable de América Latina, sus consecuencias imprevisibles y otros temas de interés político e histórico;Castro, F.;Agencia EFE;1985;Cuba;null;null;No;No;null
259;Reforma o revolución;Luxemburgo, R.;Juan Grijalbo Editor;1967;México;null;null;No;No;null
260;Capitalismo e imperialismo norteamericano;Sweexy, P.;Jorge Álvarez Editor;1963;Argentina;null;null;No;No;null
261;Lenin y la filosofía;Althusser, L.;Ediciones CEPE;1972;Argentina;null;null;No;No;null
262;P.T. Brasil: una respuesta latinoamericana al desafío imperialista;Bilbao, L.;Búsqueda Editora;1990;Argentina;null;null;Si;Si;null
263;Subdesarrollo y estancamiento en América Latina;Furtado, C.;EUDEBA;1966;Argentina;null;null;No;No;null
264;Alfredo L. Palacios: Un socialismo argentino para la Argentina;García, V.;Centro Editor de América Latina;1986;Argentina;null;null;No;No;null
265;Los socialistas independientes 1;Sanguinetti, H:;Centro Editor de América Latina;1987;Argentina;null;null;No;No;null
266;Los socialistas independientes 2;Sanguinetti, H:;Centro Editor de América Latina;1987;Argentina;null;null;No;No;null
267;El ruido y la furia;Faulkner, W.;Ediciones Cátedra;2005;España;null;null;No;No;null
268;La metamorfosis de la cuestión social: una crónica del salariado;Castel, R.;Paidós;1997;Argentina;null;null;No;No;null
269;Sociología del poder: introducción y selección de textos: Antonio Passano;Varios;Centro Editor de América Latina;1978;Argentina;null;null;No;No;null
270;El sentido práctico;Bourdieu, P.;Siglo XXI;2007;Argentina;null;null;No;No;null
271;En letras de sangre y fuego: trabajo, máquinas y crisis del capitalismo;Caffentzis, G.;Tinta Limón;2020;Argentina;null;null;No;No;null
272;"La guerra de los lugares; la colonización de la tierra y la vivienda en la era de las finanzas";Rolnik, R.;El Colectivo;2021;Argentina;null;null;No;No;null
273;Sociales en debate 05: cultura social del dólar;Varios;UBA Sociales;2013;Argentina;null;null;No;No;null
274;El sentimiento de inseguridad: sociología del temor al delito;Kessler, G.;Siglo XXI;2009;Argentina;null;null;No;No;null
275;Revista de investigación interdisciplinaria en métodos experimentales. Año 3: Volumen 1;IADCOM;FCE-UBA;2014;Argentina;null;null;No;No;null
276;Sociología argentina;Ingenieros, J.;Hyspamerica;1988;Argentina;null;null;No;No;null
277;Sur: revista mensual. 215-216;Sur;Sur;1952;Argentina;null;null;No;No;null
278;El 45;Luna, F.;Sudamericana;1999;Argentina;null;null;No;No;null
279;Historia contemporánea de América Latina;Halperin, T.;Alianza Editorial;1983;México;null;null;No;No;null
280;Los secretos del Congreso;Sued, G.;Penguin Random House;2019;Argentina;null;null;No;No;null
281;Historia del Siglo XX;Hobsbawm, E.;Planeta;2021;Argentina;null;null;No;No;null
282;Microeconomía heterodoxa: modelos sraffianos y marxistas;Montes, G.;EUDEBA;2022;Argentina;null;null;No;No;null
283;Escritos sobre moneda y banca;Fragueiro, M.;Manuel Belgrano Ediciones;2021;Argentina;null;null;No;No;null
284;El acuerdo entre el Mercosur y la Unión Europea: estudio integral de sus cláusulas y efectos;"Ghiotto, L. ; Echaide, J.";Fundación Rosa Luxemburgo;2020;Argentina;null;null;No;No;null
285;Atlas del agronegocio: datos y hechos sobre la industria agrícola y de alimentos;Fundación Rosa Luxemburgo;Fundación Rosa Luxemburgo;-;Argentina;null;null;No;No;null
286;Los cuadernos de don Rigoberto;Vargas, M.;Alfaguara;2008;Argentina;null;null;Si;No;null
287;Fragmentos de un discurso amoroso;Barthes, R.;Siglo XXI;2008;Argentina;null;null;No;No;null
288;El oficio del sociólogo: presupuesto epistemológicos;Bourdieu, P.;Siglo XXI;2008;Argentina;null;null;No;No;null
289;Introducción a los estudios sobre genocidio;Feierstein, D.;Fondo de Cultura Económica;2016;Argentina;null;null;No;No;null
290;La muerte del prójimo;Zoja, L.;Fondo de Cultura Económica;2015;Argentina;null;null;No;No;null
291;Las formas elementales de la vida religiosa;Durkheim, E.;Alianza Editorial;2014;España;null;null;No;No;null
292;Las reglas del método sociológico;Durkheim, E.;Colihue;2018;Argentina;null;null;No;No;null
293;El suicidio;Durkheim, E.;Terramar Ediciones;2013;Argentina;null;null;No;No;null
294;La división del trabajo social;Durkheim, E.;Akal Ediciones;2001;Argentina;null;null;No;No;null
295;Manual de escritura para científicos sociales: cómo empezar y terminar una tesis, un libro o un artículo;Becker, H.;Siglo XXI;2011;Argentina;null;null;No;No;null
296;Obras completas: Tomo 1;Carri, R.;Ediciones Biblioteca Nacional;2015;Argentina;null;null;No;No;null
297;Obras completas: Tomo 2;Carri, R.;Ediciones Biblioteca Nacional;2015;Argentina;null;null;No;No;null
298;La Dame aux camélias;Dumas, A.;Pocket;2020;Francia;null;null;No;No;null
299;Walsh, el criptógrafo. Escritura y acción política en la obra de Rodolfo Walsh;Beatriz, S.;El Colectivo;2011;Argentina;null;null;Si;No;null
300;Vanguardia y posmodernismo;Salvador, N.;Corregidor;2011;Argentina;null;null;No;No;null
301;La novia de Sandro;Sosa, C.;Tusquets Editores;2020;Argentina;null;null;No;No;null
302;El caballero de la armadura oxidada;Fisher, R.;Ediciones Obelisco;1999;España;null;null;No;No;null
303;Obra poética completa;Vallejo, C.;Casa de las Américas;1975;Cuba;null;null;No;No;null
304;Cuentos completos 2 (1969-1983);Cortázar, J.;Alfaguara;2016;Argentina;null;null;No;No;null
305;Operación mate amargo: Dax y sus agentes secretos en B.A.;Ramb, A.;Bitácora Ediciones;2021;Argentina;null;null;No;No;null
306;Los lanzallamas;Arlt, R.;Centro Editor de Cultura;2005;Argentina;null;null;No;No;null
307;Los siete locos;Arlt, R.;Losada;1974;Argentina;null;null;No;No;null
308;Del amor y otros demonios;García, G.;Penguin Random House;2015;Argentina;null;null;Si;No;null
309;El héroe discreto;Vargas, M.;Penguin Random House;2015;Argentina;null;null;No;No;null
310;Pantaleón y las visitadoras;Vargas, M.;Círculo de Editores;1974;España;null;null;No;No;null
311;Cien años de soledad;García, G.;Penguin Random House;2016;España;null;null;Si;No;null
312;Tiempo de abrazar;Onetti, J.;Club Bruguera;1980;España;null;null;Si;No;null
313;Juntacadáveres;Onetti, J.;Planeta;1995;España;null;null;Si;No;null
314;Museo de la novela de la eterna (primera novela buena);Fernández, M.;Corregidor;2015;Argentina;null;null;Si;No;null
315;Adriana Buenos Aires (última novela mala);Fernández, M.;Corregidor;2018;Argentina;null;null;Si;No;null
316;Cuentos completos 1 (1945-1966);Cortázar, J.;Alfaguara;2016;Argentina;null;null;Si;No;null
317;La caverna;Saramago, J.;Alfaguara;2010;Uruguay;null;null;Si;No;null
318;El limonero real;Saer, J.;Seix Barral;2010;Argentina;null;null;Si;No;null
319;El juguete rabioso;Arlt, R.;Club Bruguera;1981;Brasil;null;null;Si;No;null
320;El Aleph;Borges, J.;Sudamericana;2016;Argentina;null;null;Si;No;null
321;El hombre que amaba a los perros;Padura, L.;Tusquets Editores;2020;Argentina;null;null;Si;No;null
322;Las malas;Sosa, C.;Tusquets Editores;2020;Argentina;null;null;Si;No;null
323;Eisejuaz;Gallardo, S.;La Biblioteca Argentina;2000;España;null;null;Si;No;null
324;Eva Luna;Allende, I.;Penguin Random House;2015;Argentina;null;null;Si;No;null
325;Bajo este sol tremendo;Busqued, C.;Anagrama;2021;Argentina;null;null;Si;No;null
326;1917;Kohan, M.;Godot;2017;Argentina;null;null;Si;No;null
327;Ciencias morales;Kohan, M.;Anagrama;2016;Argentina;null;null;Si;No;null
328;El río sin orillas;Saer, J.;Seix Barral;2015;Argentina;null;null;Si;No;null
329;La ocasión;Saer, J.;Seix Barral;2019;Argentina;null;null;Si;No;null
330;Los versos del Capitán;Neruda, P.;Losada;1969;Argentina;null;null;Si;No;null
331;La bomba;"Lalana, F. ; Almárcegui, J.";Bruño;1999;España;null;null;Si;No;null
332;La sombra del gato y otros relatos de terror;López, C.;Alfaguara;2001;Argentina;null;null;Si;No;null
333;Ensayo sobre la ceguera;Saramago, J.;Alfaguara;2018;Argentina;null;null;Si;No;null
334;La ciudad y los perros;Vargas, M.;Seix Barral;1994;España;null;null;Si;No;null
335;Las aventuras de un cadáver;Stevenson, R.;Edicomunicación;1999;España;null;null;Si;No;null
336;El proceso;Kafka, F.;Colihue;2012;Argentina;null;null;Si;No;null
337;El nombre de la rosa;Eco, U.;Editorial Lumen;1982;Chile;null;null;Si;No;null
338;Si una noche de invierno un viajero;Calvino, I.;Siruela;1999;España;null;null;Si;No;null
339;Campos roturados I;Shólojov, M.;Editorial Progreso Moscú;-;Rusia;null;null;Si;No;null
340;Campos roturados II;Shólojov, M.;Editorial Progreso Moscú;-;Rusia;null;null;Si;No;null
341;Recuerdos de la casa de los muertos;Dostoyevski, F.;Club Bruguera;1981;España;null;null;Si;No;null
342;Maus;Spiegelman, A.;Penguin Random House;2014;Argentina;null;null;Si;No;null
343;Cartero;Bukowski, C.;Anagrama;2018;España;null;null;Si;No;null
344;Factótum;Bukowski, C.;Anagrama;2017;España;null;null;Si;No;null
345;Tales of ordinary madness;Bukowski, C.;Virgin Books;2009;Gran Bretaña;null;null;Si;No;null
346;Adiós a las armas;Hemingway, E.;Hyspamerica;2001;Argentina;null;null;Si;No;null
347;El viejo y el mar;Hemingway, E.;Penguin Random House;2005;Argentina;null;null;Si;No;null
348;La tercera ola. Volumen 1;Toffler, A.;Orbis;1986;España;null;null;No;No;null
349;Tarántula;Dylan, B.;Océano;2013;España;null;null;Si;No;null
350;Blade Runner;Dick, P.;Edhasa;2010;España;null;null;Si;No;null
351;Dune;Herbert, F.;Penguin Random House;2024;Argentina;null;null;Si;No;María Ramella
352;El mesías de Dune;Herbert, F.;Penguin Random House;2024;Argentina;null;null;Si;No;null
353;El perfume;Süskind, P.;Seix Barral;1990;Argentina;null;null;Si;No;null
354;Demian;Hesse, H.;Argonauta;2020;Argentina;null;null;Si;No;null
355;El lobo estepario;Hesse, H.;Liburua;2014;México;null;null;Si;No;null
356;Fuga sin fin;Roth, J.;Ediciones de la banda oriental;2014;Uruguay;null;null;Si;No;Regalado
357;El niño con el pijama de rayas;Boyne, J.;Salamandra;2012;Argentina;null;null;Si;No;null
358;El corazón de las tinieblas;Conrad, J.;Alianza Editorial;1981;España;null;null;Si;No;null
359;Hambre;Hamsun, K.;Editores mexicanos unidos;2015;México;null;null;Si;No;null
360;Secretos imperfectos. Serie Bergman 1;"Hjorth, M. ; Rosenfeldt, H.";Planeta;2020;Argentina;null;null;Si;No;null
361;Crímenes duplicados. Serie Bergman 2;"Hjorth, M. ; Rosenfeldt, H.";Planeta;2020;Argentina;null;null;Si;No;null
362;Tokio Blues: Norwegian Wood;Murakami, H.;Tusquets Editores;2009;Argentina;null;null;Si;No;Ana Waisbein
363;La ¿nueva? Estructura social de América Latina;"Benza, G. ; Kessler, G.";Siglo XXI;2020;Argentina;null;null;Si;Si;null
364;Escenarios energéticos en América Latina: debates frente al ocaso del capitalismo fósil;Fundación Rosa Luxemburgo;Fundación Rosa Luxemburgo;2024;Argentina;null;null;Si;Si;null
365;Riesgo país: la jerga financiera como mecanismo de poder;Aronskind, R.;Capital Intelectual;2007;Argentina;null;null;Si;Si;null
366;La economía de las desigualdades: cómo implementar una redistribución justa y eficaz de la riqueza;Piketty, T.;Siglo XXI;2015;Argentina;null;null;Si;Si;null
367;La nueva pobreza en la Argentina;"Minujín, A. ; Kessler, G.";Planeta;1995;Argentina;null;null;Si;Si;null
368;Controversias sobre la desigualdad. Argentina, 20003-2013;Kessler, G.;Fondo de Cultura Económica;2014;Argentina;null;null;Si;Si;null
369;Desiguales: una guía para pensar la desigualdad económica;Gasparini, L.;Edhasa;2022;Argentina;null;null;Si;Si;null
370;Introducción a la economía;Dobb, M.;Fondo de Cultura Económica;2017;México;null;null;Si;Si;null
371;Pensamiento económico de Manuel Belgrano: selección de artículos del Correo de Comercio 1810-1811;Belgrano, M.;Manuel Belgrano Ediciones;2021;Argentina;null;null;Si;Si;null
372;Qué es (y qué no es) la estadística: usos y abusos de una disciplina clave en la vida de los países y las personas;Sosa, W.;Siglo XXI;2014;Argentina;null;null;Si;Si;null
373;Big data: breve manual para conocer la ciencia de datos que ya invadió nuestras vidas;Sosa, W.;Siglo XXI;2020;Argentina;null;null;Si;Si;null
374;Historia de la sexualidad. 1. La voluntad de saber;Foucault, M.;Siglo XXI;2020;Argentina;null;null;Si;Si;null
375;Historia de la sexualidad. 4. Las confesiones de la carne;Foucault, M.;Siglo XXI;2019;Argentina;null;null;Si;Si;null
376;La verdad y las formas jurídicas;Foucault, M.;Gedisa;2014;Argentina;null;null;Si;Si;null
377;El origen de la hermenéutica de sí: Conferencias de Dartmouth, 1980;Foucault, M.;Siglo XXI;2016;Argentina;null;null;Si;Si;null
378;Los espantos: estética y postdictadura;Schwarzböck, S.;Cuarenta Ríos;2018;Argentina;null;null;Si;Si;null
379;Realismo capitalista: ¿No hay alternativa?;Fisher, M.;Caja Negra;2022;Argentina;null;null;Si;Si;null
380;Fake news, trolls y otros encantos: cómo funcionan (para bien y para mal) las redes sociales;"Calvo, E. ; Aruguete, N.";Siglo XXI;2020;Argentina;null;null;Si;Si;null
381;Las nuevas caras de la derecha: ¿Por qué funcionan las propuestas vacías y el dicurso enfurecido de los antisistema y cuál es su potencial político real?;Traverso, E.;Siglo XXI;2021;Argentina;null;null;Si;Si;null
382;¿Qué hacemos con Menem?: los noventa veinte años después;"Rodríguez, M. ; Touzon, P.";Siglo XXI;2021;Argentina;null;null;Si;Si;null
383;Los debates de la Dieta Renana;Marx, K.;Gedisa;2007;España;null;null;Si;Si;null
384;La ética protestante y el espíritu del capitalismo;Weber, M.;Akal Ediciones;2019;España;null;null;Si;Si;null
385;Sociología de una revolución;Fanon, F.;Tinta Limón;2024;Argentina;null;null;Si;Si;null
386;Argelia 60: estructuras económicas y estructuras temporales;Bourdieu, P.;Siglo XXI;2013;Argentina;null;null;Si;Si;null
387;Las estrategias de la reproducción social;Bourdieu, P.;Siglo XXI;2018;Argentina;null;null;Si;Si;null
388;Los herederos: los estudiantes y la cultura;"Bourdieu, P. ; Passeron, J.";Siglo XXI;2014;Argentina;null;null;Si;Si;null
389;La época de las pasiones tristes: de cómo este mundo desigual lleva a la frustración y el resentimiento, y desalienta la lucha por una sociedad mejor;Dubet, F.;Siglo XXI;2021;Argentina;null;null;Si;Si;null
390;La filosofía como arma de la revolución;Althusser, L.;Siglo XXI;2016;México;null;null;Si;Si;null
391;El sublime objeto de la ideología;Zizek, S.;Siglo XXI;2019;Argentina;null;null;Si;Si;null
392;El príncipe. Discursos sobre la primera década de Tito Livio. La mandrágora. Clicia.;Maquiavelo;Vergara;1961;España;null;null;No;No;null
393;Leviatán. O la materia, forma y poder de una república eclesiástica y civil.;Hobbes, T.;Fondo de Cultura Económica;2017;México;null;null;Si;No;null
394;El capital. Tomo 1. Volumen 1.;Marx, K.;Siglo XXI;2015;Argentina;null;null;Si;Si;null
395;El capital. Tomo 1. Volumen 2.;Marx, K.;Siglo XXI;2016;Argentina;null;null;Si;Si;null
396;El capital. Tomo 1. Volumen 3.;Marx, K.;Siglo XXI;2016;Argentina;null;null;Si;No;null
397;Antología. Selección e introducción de Horacio Tarcus.;Marx, K.;Siglo XXI;2016;Argentina;null;null;Si;Si;null
398;La pesquisa;Saer, J.;-;-;Argentina;null;null;Si;No;José Luis Fernández
399;Magnetizado;Busqued, C.;-;-;Argentina;null;null;Si;No;Laura Bruno
400;Antología Poética;Hernández, M.;-;-;España;null;null;Si;No;null
401;Dolor país;Bleichmar, S.;Zorzal;2002;Argentina;null;null;Si;Si;null
402;Cambio de Época;Svampa, M.;Siglo XXI;-;Argentina;null;null;Si;No;Malena Silveyra
403;Un mago de Terramar;Le Guin, U.;-;-;-;null;null;Si;No;Ignacio Fernández
404;Ejemplares únicos;Rago, P.;Bajo La Luna;-;Argentina;null;null;Si;No;Delfina Lemann
405;La era de la revolución (1789-1848);Hobsbawm, E.;Paidós;2020;Argentina;null;null;Si;No;null
406;La era del capital (1848-1875);Hobsbawm, E.;Paidós;2020;Argentina;null;null;Si;No;null
407;La era del imperio (1875-1914);Hobsbawm, E.;Paidós;2020;Argentina;null;null;Si;No;null
408;Historia del Siglo XX;Béjar, M.;Siglo XXI;2018;Argentina;null;null;Si;No;null
409;Escritos latinoamericanos. En México (1937-1940);Trostsky, L.;IPS;2013;Argentina;null;null;Si;No;null
410;La teoría de la revolución permanente;Trostsky, L.;IPS;2011;Argentina;null;null;Si;No;null
411;Las venas abiertas de América Latina;Galeano, E.;Siglo XXI;2012;Argentina;null;null;Si;No;null
412;Con Trotsky de Prinkipo a Coyoacán: testimonios de siete años de exilio.;van Heijenoort, J.;IPS;2014;Argentina;null;null;Si;No;null
413;Diario de una temporada en el quinto piso: episodios de política económica en los años de Alfonsín;Torre, J.;Edhasa;2024;Argentina;null;null;Si;No;Fede Arrachea
414;Hermes Binner: primer gobernador socialista de la Argentina. Diálogos.;Attala, D.;Losada;2011;Argentina;null;null;Si;No;null
415;Sinceramente;Fernández, C.;Sudamericana;2019;Argentina;null;null;Si;No;null
416;Radiografía de la corrupción PRO de la ciudad a la presidencia de la nación;"Maradeo, J. ; Damiani, I.";Planeta;2018;Argentina;null;null;Si;No;null
417;Nadie vio Matrix;Graziano, W.;Planeta;2008;Argentina;null;null;Si;No;null
418;Ezeiza;Verbitsky, H.;Editorial Contrapunto;1986;Argentina;null;null;Si;Si;null
419;Obra periodística: crónicas, entrevistas y perfiles 1952-1972;Urondo, F.;Adriana Hidalgo;2013;Argentina;null;null;Si;No;null
420;Reportaje al pie de la horca;Fucik, J.;Ediciones Silaba;1978;Argentina;null;null;Si;No;null
421;Represión franquista en el frente norte;"Roder, J. ; Moreno, J. ; Castrillo, J.";Eneida;2008;España;null;null;Si;No;null
422;El Estado y la revolución;Lenin, V.;Sol 90;2012;Argentina;null;null;Si;No;null
423;Las fuerzas morales;Ingenieros, J.;Agebe;2006;Argentina;null;null;Si;No;null
424;El peronismo y el golpe de Estado - 1966;Cooke, J.;Acción Revolucionaria Socialista;1966;Argentina;null;null;No;No;null
425;Sociólog@s para qué? Año 17. Número 12. Abril 2012;El Viejo Topo;El Viejo Topo;2012;Argentina;null;null;No;No;null
426;Crisis #62;Crisis;Crisis;2024;Argentina;null;null;Si;No;null
427;Crisis #63;Crisis;Crisis;2024;Argentina;null;null;Si;No;null
428;Crisis #64;Crisis;Crisis;2024;Argentina;null;null;Si;No;null
429;Crisis #65;Crisis;Crisis;2024;Argentina;null;null;Si;No;null
430;Sarmiento: anecdotario.;Mortillaro, G.;Editorial Araujo;1938;Argentina;null;null;No;No;null
431;Sarmiento y la ley 1420;Campobassi, J.;Departamento de extensión universitaria de la universidad nacional del litoral;1960;Argentina;null;null;No;No;null
432;Samiento. Sus ideas sobre religión, educación y laicismo. Respuesta a un libro antisarmientista.;Campobassi, J.;Ediciones de la Liga Argentina de Cultura Laica;1963;Argentina;null;null;No;No;null
433;Revista del Museo Histórico Sarmiento. Números 12 y 13;Revista del Museo Histórico Sarmiento;Subsecretaría de Cultura;1967;Argentina;null;null;No;No;null
434;Obras Completas 47;Sarmiento, D.;Editorial Luz del Día;1956;Argentina;null;null;No;No;null
435;Obras Completas 51;Sarmiento, D.;Editorial Luz del Día;1956;Argentina;null;null;No;No;null
436;Obras Completas 49;Sarmiento, D.;Editorial Luz del Día;1956;Argentina;null;null;No;No;null
437;Obras Completas 52;Sarmiento, D.;Editorial Luz del Día;1956;Argentina;null;null;No;No;null
438;Boletín Sarmiento 2;Órgano del Instituto Sarmiento de Sociología e Historia;Órgano del Instituto Sarmiento de Sociología e Historia;1965;Argentina;null;null;No;No;null
439;La peste;Camus, A.;Sudamericana;1995;España;null;null;Si;No;null
440;Viajar al futuro (y volver para contarlo). La ciencia detrás de los pronósticos.;Sosa, W.;Siglo XXI;2024;Argentina;null;null;Si;Si;Jime Arregui
441;Macroeconomía;Blanchard, O.;Pearson;2025;Argentina;null;null;No;No;null
442;High Inflation;"Heymann, D. ; Leijonhufvud, A.";Clarendon Express - Oxford;2024;Argentina;null;null;No;No;null
443;Argentina Humana: Teoría y práctica para la justicia social en el siglo XXI. Un proyecto contracultural.;Grabois, J.;Sudamericana;2024;Argentina;null;null;Si;Si;Laura Bruno
444;Pandemia: un balance social y político de la crisis del COVID-19;Feierstein, D.;Fondo de Cultura Económica;2021;Argentina;null;null;Si;Si;null
445;De alemanes a nazis (1914-1933);Fritzsche, P.;Siglo XXI;2022;Argentina;null;null;Si;Si;null
446;Bourdieu hoy;Varios;Aurelia Rivera Libros;2021;Argentina;null;null;Si;Si;null
447;El contrato social;Rousseau, J.;Casa Editorial Maucci;?;España;null;null;No;No;null
448;Borges, Big Data y Yo;Sosa, W.;Siglo XXI;2021;Argentina;null;null;Si;Si;null
449;H-Industria: Revista de historia de la industria, los servicios y las empresas en América Latina. Nros 4-5. Año III;FCE-UBA;FCE-UBA;2003;Argentina;null;null;No;No;null
450;El genocidio como práctica social;Feierstein, D.;Fondo de Cultura Económica;2023;Argentina;null;null;Si;Si;null
451;Identity Economics;"Akerlof, G: ; Kranton, R.";Princeton University Press;2010;EEUU;null;null;Si;Si;null
452;Crisis #66;Crisis;Crisis;2025;Argentina;null;null;Si;No;null
453;Crisis #67;Crisis;Crisis;2025;Argentina;null;null;Si;No;null
454;Estudios sobre los orígenes del peronismo;"Murmis, M. ;Portantiero, J.";Siglo XXI;2018;Argentina;null;null;No;No;null
455;La sociedad cortesana;Elías, N.;Fondo de Cultura Económica;2016;México;null;null;No;No;null
456;Social and behavioural macroeconomics. Theoretical and policy perspectives;"Tsoukis, C. ; Tournemaine, F. ; Driffill, E.";Palgrave Macmillan;2025;Suiza;null;null;Si;Si;null
457;Orgullo y prejuicio;Austen, J.;Edimat;2019;España;null;null;No;No;null
458;Los libros de Terramar II. Las tumbas de Atuan.;Le Guin, U.;Minotauro;2000;España;null;null;No;No;Ignacio Fernández
459;Los libros de Terramar II. Las costa más lejana.;Le Guin, U.;Minotauro;2004;Argentina;null;null;No;No;Ignacio Fernández
460;La era del hartazgo. Líderes disruptivos, polarización y antipolítica en América Latina.;"Kessler, G.; Vommaro; G.";Siglo XXI;2025;Argentina;null;null;Si;Si;null
461;La alienación como fractura lógica y ontológica en la ecología del capital: sobre el abordaje marxista de la crisis climática.;Ramella, M.;FFyL-UBA;2025;Argentina;null;null;Si;Si;null
462;Crisis de la dictadura argentina. Política económica y cambio social (1976-1983);"Jozami, E. ; Paz, P. ; Villareal, J.";Siglo XXI;1985;Argentina;null;null;Si;Si;null
463;El asalto al cielo;Jacoby, R.;Mansalva;2014;Argentina;null;null;Si;Si;null
464;Borges por Piglia;Piglia, R.;Eterna Cadencia Editora;2024;Argentina;null;null;No;No;null
465;Niebla;Unamuno, M.;Ediciones del Viento;2014;España;null;null;Si;No;null
466;Consideraciones sobre el marxismo occidental;Anderons, P.;Siglo XXI;2021;México;null;null;Si;Si;null
467;Melancolía de izquierda. Marxismo, historia y memoria.;Traverso, E.;Fondo de Cultura Económica;2018;Argentina;null;null;No;No;null
468;El eternauta;"Oesterheld, H. ; Solano, F.";Planeta;2025;Argentina;null;null;Si;Si;null
469;El infinito en un junco. La invención de los libros en el mundo antiguo.;Vallejo, I.;Penguin Random House;2022;España;null;null;Si;No;null
470;El secreto atómico de Huemul. Crónica del origen de la energía atómica en Argentina.;Mariscotti, M.;Lenguaje Claro Editora;2016;Argentina;null;null;Si;No;Ciro Hartmann
471;Crisis #68;Crisis;Crisis;2025;Argentina;null;null;Si;No;null
472;Crisis #69;Crisis;Crisis;2025;Argentina;null;null;Si;No;null
473;El perjuirio de la nieve;Bioy, A.;Colihue;2011;Argentina;null;null;Si;No;null
474;Las estructuras sociales de la economía;Bourdieu, P.;Manantial;2001;Argentina;null;null;No;No;null
475;Entre la equidad y el crecimiento. Ascenso y caída de la economía argentina, 1880-2002.;"Llach, L. ; Gerchunoff, P.";Siglo XXI;2004;Argentina;null;null;Si;Si;null
476;Exilio;"Gelman, J. ; Bayer, O.";Legasa;1984;Argentina;null;null;Si;No;null
477;Operación Masacre;Walsh, R.;Ediciones de la Flor;1972;Argentina;null;null;No;No;null
478;Perón por Perón. Los más importantes discursos y mensajes 1943-1973.;Del Río, A.;Kikiyón;1972;Argentina;null;null;No;No;null
479;Perón - Perón. 1973-1976.;Di Tella, G.;Sudamericana;1983;Argentina;null;null;No;No;null
480;El loro de Flaubert;Barnes, J.;Anagrama;2013;Argentina;null;null;Si;No;null
481;La ridícula idea de no volver a verte;Montero, R.;Seix Barral;2013;Argentina;null;null;Si;No;null
482;La insoportable levedad del ser;Kundera, M.;Tusquets Editores;2007;Argentina;null;null;Si;No;null
483;La muerte de la familia;Cooper, D.;Planeta;1986;España;null;null;No;No;null
484;Crisis #70;Crisis;Crisis;2025;Argentina;null;null;No;No;null
485;El hombre mediocre;Ingenieros, J.;Losada;1997;Argentina;null;null;No;No;null
486;Perestroika. Nuvas ideas para nuestro país y el mundo.;Gorbachov, M.;Emecé;1998;Argentina;null;null;No;No;null
487;Sociología de Marx;Lefebvre, H.;Editorial Eureka;1970;Uruguay;null;null;No;No;null
488;Modernidad Líquida;Bauman, Z.;Fondo de Cultura Económica;2015;Argentina;null;null;No;No;null
489;Adán Buenosayres;Marechal, L.;Clarín;2000;España;null;null;No;No;null
490;La sangre derramada. Ensayo sobre la violencia política.;Feinmann, J.;Ariel;1999;Argentina;null;null;No;No;null
491;El jefe. Vida y obra de Carlos Saúl Menem.;Cerruti, G.;Planeta;1993;Argentina;null;null;No;No;null
492;Cantar del Cid;"Menéndez, R. ; Reyes, A.";ESPASA-CALPE;1976;España;null;null;No;No;null
493;Meditaciones metafísicas;Descartes, R.;Aguilar;1970;Argentina;null;null;No;No;null
494;El ciclo de la revolución contemporánea;Romero, J.;Editorial Huemul;1980;Argentina;null;null;No;No;null
495;El marxismo de indias;Abelardo, J.;Planeta;1973;España;null;null;No;No;null
496;1940-1975 Gran Bretaña, Estados Unidos y las clases dirigentes argentinas.;Rapoport, M.;Editorial de Belgrano;1980;Argentina;null;null;No;No;null
497;Lecciones de octubre. ¿Qué fue la revolución rusa?;Trostsky, L.;El Yunque Editora;1975;Argentina;null;null;No;No;null
498;Radiografía de la Pampa;Martínez, E.;Hyspamerica;1986;Argentina;null;null;No;No;null
499;Las nuevas sociologías. Principales corrientes y debates, 1980-2010.;Corcuff, P.;Siglo XXI;2013;Argentina;null;null;No;No;null
500;Una invitación a la sociología reflexiva;Bourdieu, P.;Siglo XXI;;Argentina;null;null;No;No;null
501;Revista Realidad Económica #200;IADE;IADE;2003;Argentina;null;null;No;No;null
502;Revista Realidad Económica #242;IADE;IADE;2009;Argentina;null;null;No;No;null
503;Revista Realidad Económica #245;IADE;IADE;2009;Argentina;null;null;No;No;null
504;Revista Realidad Económica #251;IADE;IADE;2010;Argentina;null;null;No;No;null
505;Revista Realidad Económica #259;IADE;IADE;2011;Argentina;null;null;No;No;null
506;Revista Desarrollo Económico vol 53 #209-210;IDES;IDES;2013;Argentina;null;null;No;No;null
507;Revista Desarrollo Económico vol 50 #199;IDES;IDES;2010;Argentina;null;null;No;No;null
508;Revista Desarrollo Económico vol 25 #99;IDES;IDES;1985;Argentina;null;null;No;No;null
509;Revista Desarrollo Económico vol 18 #70;IDES;IDES;1978;Argentina;null;null;No;No;null
510;Revista Desarrollo Económico vol 6 #22-23;IDES;IDES;1966;Argentina;null;null;No;No;null
511;Revista Desarrollo Económico vol 3 #1-2;IDES;IDES;1963;Argentina;null;null;No;No;null
512;Experiencia mexicana en aceleradores de partículas;De la Paz, M.;Siglo XXI;2004;México;null;null;No;No;null
513;Tendencia y ciclo en economía. Teoría y evidencia empírica.;Mendoza, G.;UNAM;2015;México;null;null;No;No;null
514;Bartleby. El escribiente (adaptación).;Molina, E.;Latino Toons;2024;México;null;null;Si;No;null
515;Herbert West: reanimador (adaptación).;Molina, E.;Latino Toons;2023;México;null;null;No;No;null
516;Economía Informa #451;FEUNAM;UNAM;2025;México;null;null;No;No;null
517;Crisis política y guerra en El Salvador;Gordon, S.;Siglo XXI;1989;México;null;null;No;No;null
518;Teoría de juegos. Una introducción matemática a la toma de decisiones.;"Amster, P. ; Pinasco, J.";Fondo de Cultura Económica;2014;México;null;null;Si;Si;null
519;La cara esférica;Pérez-Reverte, A.;Alfaguara;2000;España;null;null;No;No;null
520;La crisis económica en América Latina. Alcances e impactos.;Machinea, J.;Siglo XXI;2010;España;null;null;No;No;null
521;Por quién doblan las campanas;Hemingway, E.;Epoca;-;México;null;null;Si;No;null
522;El llano en llamas;Rulfo, J.;Fondo de Cultura Económica;1975;México;null;null;Si;No;null
523;La velocidad de la luz;Cercas, J.;Penguin Random House;2015;México;null;null;Si;No;null
524;La gran transformación. Los orígenes políticos y económicos de nuestro tiempo.;Polanyi, K.;Fondo de Cultura Económica;2017;México;null;null;No;No;null
525;Brasil, 2000. Hacia un nuevo pacto social.;"Jaguaribe, H. ; dos Santos, W. ; de Paiva Abreu, M. ; Fritsch, W. ; Bastos de Ávila, F.";Fondo de Cultura Económica;1989;México;null;null;Si;Si;null
526;El mago del Kremlin;da Empoli, G.;Seix Barral;2023;México;null;null;Si;No;null
527;El infierno tan temido y otros cuentos;Onetti, J.;Fondo de Cultura Económica;2025;México;null;null;No;No;null
528;Geografías;Benedetti, M.;Fondo de Cultura Económica;2025;México;null;null;Si;No;null
529;La guerra de los mundos;Wells, H.;Mirlo Ediciones;2024;China;null;null;Si;No;null
530;El extraño caso del Dr. Jekyll y Mr. Hyde;Stevenson, R. L.;Mirlo Ediciones;2025;China;null;null;Si;No;null
531;Soldados de Salamina;Cercas, J.;Penguin Random House;2017;México;null;null;Si;No;null
532;Barbarie. Seminario Didáctica.;Glazman, R.;FFL UNAM;2016;México;null;null;No;No;null
533;Estado, poder y socialismo;Poulantzas, N.;Siglo XXI;1980;España;null;null;No;No;null
534;La edad media;Romero, J. L.;Fondo de Cultura Económica;2025;México;null;null;Si;Si;null
535;De paganos, judíos y cristianos;Momigliano, A.;Fondo de Cultura Económica;2025;México;null;null;No;No;null
536;Filosofía de la liberación;Dussel, E.;Fondo de Cultura Económica;2025;México;null;null;No;No;null
537;I, Claudius;Graves, R.;Penguin Random House;1961;EEUU;null;null;No;No;null
538;Fouché. El genio tenebroso.;Zweig, S.;Editorial Época;2008;México;null;null;No;No;null
539;Sandokan: La mujer pirata.;Salgari, E.;Editorial Porrúa;1988;México;null;null;No;No;null
540;Brida;Coelho, P.;Grijalbo;2004;México;null;null;No;No;null
541;En la Patagonia;Chatwin, B.;Quinteto;2002;España;null;null;Si;No;null
542;Patagonia Express;Sepúlveda, L.;Tusquets Editores;1996;México;null;null;Si;No;null
543;"El laberinto de la soledad. Postdata. Vuelta a ""El laberinto de la soledad"".";Paz, O.;Fondo de Cultura Económica;2004;México;null;null;No;No;null
544;El señor de Bembibre. El lago de Carucedo. Artículos de costumbres.;Gil y Carrasco, E.;Editorial Porrúa;1984;México;null;null;No;No;null
545;La teoría del crecimiento equilibrado;Dixit, A. K.;Fondo de Cultura Económica;1987;México;null;null;No;No;null
546;Teoría y experiencia del desarrollo económico;"Gersovitz, M. ; Díaz-Alejandro, C. F. ; Ranis, G. ; Rosenzweig, M. R.";Fondo de Cultura Económica;1985;México;null;null;No;No;null
547;Teoría económica en retrospección;Blaug, M.;Fondo de Cultura Económica;2001;México;null;null;No;No;null
548;La promesa de la privatización. Un desafío para la política exterior de los Estados Unidos.;Vernon, R.;Fondo de Cultura Económica;1995;Chile;null;null;No;No;null
549;Los mercaderes y el capitalismo en México (1759-1778).;Borchart de Moreno, C. R.;Fondo de Cultura Económica;1984;México;null;null;No;No;null
550;Los detectives salvajes;Bolaño, R.;Penguin Random House;2025;México;null;null;Si;No;null
551;El Capital. Libro I Capítulo VI (inédito). Resultados del proceso inmediato de producción.;Marx, K.;Siglo XXI;2019;México;null;null;No;No;null
552;Retornamos como sombras;Taibo II, P. I.;Planeta;2020;México;null;null;No;No;null
553;Behemoth. Violencia colectiva, política y criminal en el México contemporáneo.;Estrada Saavedra, M.;El Colegio de México;2025;México;null;null;No;No;null
554;Che Guevara: Instantáneas flashes momentos.;Taibo II, P. I.;Utopix;2022;México;null;null;No;No;null
555;En los ojos de los gatos;Rentería, E.;Tusquets Editores;2008;México;null;null;No;No;null
556;El evangelio según Jesucristo;Saramago, J.;Alfaguara;2019;México;null;null;No;No;null
557;El loco en el fin del mundo;Cercas, J.;Penguin Random House;2025;México;null;null;No;No;null
